images/hand_forward_1.jpg,0
images/hand_forward_2.jpg,0
images/hand_forward_3.jpg,0
images/hand_forward_4.jpg,0
images/hand_forward_5.jpg,0
images/hand_forward_6.jpg,0
images/hand_forward_7.jpg,0
images/hand_forward_8.jpg,0
images/hand_forward_9.jpg,0
images/hand_forward_10.jpg,0
images/hand_forward_11.jpg,0
images/hand_forward_12.jpg,0
images/hand_forward_13.jpg,0
images/hand_forward_14.jpg,0
images/hand_forward_15.jpg,0
images/hand_forward_16.jpg,0
images/hand_forward_17.jpg,0
images/hand_forward_18.jpg,0
images/hand_forward_19.jpg,0
images/hand_forward_20.jpg,0
images/hand_forward_21.jpg,0
images/hand_forward_22.jpg,0
images/hand_forward_23.jpg,0
images/hand_forward_24.jpg,0
images/hand_forward_25.jpg,0
images/hand_forward_26.jpg,0
images/hand_forward_27.jpg,0
images/hand_forward_28.jpg,0
images/hand_forward_29.jpg,0
images/hand_forward_30.jpg,0
images/hand_forward_31.jpg,0
images/hand_forward_32.jpg,0
images/hand_forward_33.jpg,0
images/hand_forward_34.jpg,0
images/hand_forward_35.jpg,0
images/hand_forward_36.jpg,0
images/hand_forward_37.jpg,0
images/hand_forward_38.jpg,0
images/hand_forward_39.jpg,0
images/hand_forward_40.jpg,0
images/hand_forward_41.jpg,0
images/hand_forward_42.jpg,0
images/hand_forward_43.jpg,0
images/hand_forward_44.jpg,0
images/hand_forward_45.jpg,0
images/hand_forward_46.jpg,0
images/hand_forward_47.jpg,0
images/hand_forward_48.jpg,0
images/hand_forward_49.jpg,0
images/hand_forward_50.jpg,0
images/hand_forward_51.jpg,0
images/hand_forward_52.jpg,0
images/hand_forward_53.jpg,0
images/hand_forward_54.jpg,0
images/hand_forward_55.jpg,0
images/hand_forward_56.jpg,0
images/hand_forward_57.jpg,0
images/hand_forward_58.jpg,0
images/hand_forward_59.jpg,0
images/hand_forward_60.jpg,0
images/hand_forward_61.jpg,0
images/hand_forward_62.jpg,0
images/hand_forward_63.jpg,0
images/hand_forward_64.jpg,0
images/hand_forward_65.jpg,0
images/hand_forward_66.jpg,0
images/hand_forward_67.jpg,0
images/hand_forward_68.jpg,0
images/hand_forward_69.jpg,0
images/hand_forward_70.jpg,0
images/hand_forward_71.jpg,0
images/hand_forward_72.jpg,0
images/hand_forward_73.jpg,0
images/hand_forward_74.jpg,0
images/hand_forward_75.jpg,0
images/hand_forward_76.jpg,0
images/hand_forward_77.jpg,0
images/hand_forward_78.jpg,0
images/hand_forward_79.jpg,0
images/hand_forward_80.jpg,0
images/hand_forward_81.jpg,0
images/hand_forward_82.jpg,0
images/hand_forward_83.jpg,0
images/hand_forward_84.jpg,0
images/hand_forward_85.jpg,0
images/hand_forward_86.jpg,0
images/hand_forward_87.jpg,0
images/hand_forward_88.jpg,0
images/hand_forward_89.jpg,0
images/hand_forward_90.jpg,0
images/hand_forward_91.jpg,0
images/hand_forward_92.jpg,0
images/hand_forward_93.jpg,0
images/hand_forward_94.jpg,0
images/hand_forward_95.jpg,0
images/hand_forward_96.jpg,0
images/hand_forward_97.jpg,0
images/hand_forward_98.jpg,0
images/hand_forward_99.jpg,0
images/hand_forward_100.jpg,0
images/hand_forward_101.jpg,0
images/hand_forward_102.jpg,0
images/hand_forward_103.jpg,0
images/hand_forward_104.jpg,0
images/hand_forward_105.jpg,0
images/hand_forward_106.jpg,0
images/hand_forward_107.jpg,0
images/hand_forward_108.jpg,0
images/hand_forward_109.jpg,0
images/hand_forward_110.jpg,0
images/hand_forward_111.jpg,0
images/hand_forward_112.jpg,0
images/hand_forward_113.jpg,0
images/hand_forward_114.jpg,0
images/hand_forward_115.jpg,0
images/hand_forward_116.jpg,0
images/hand_forward_117.jpg,0
images/hand_forward_118.jpg,0
images/hand_forward_119.jpg,0
images/hand_forward_120.jpg,0
images/hand_forward_121.jpg,0
images/hand_forward_122.jpg,0
images/hand_forward_123.jpg,0
images/hand_forward_124.jpg,0
images/hand_forward_125.jpg,0
images/hand_forward_126.jpg,0
images/hand_forward_127.jpg,0
images/hand_forward_128.jpg,0
images/hand_forward_129.jpg,0
images/hand_forward_130.jpg,0
images/hand_forward_131.jpg,0
images/hand_forward_132.jpg,0
images/hand_forward_133.jpg,0
images/hand_forward_134.jpg,0
images/hand_forward_135.jpg,0
images/hand_forward_136.jpg,0
images/hand_forward_137.jpg,0
images/hand_forward_138.jpg,0
images/hand_forward_139.jpg,0
images/hand_forward_140.jpg,0
images/hand_forward_141.jpg,0
images/hand_forward_142.jpg,0
images/hand_forward_143.jpg,0
images/hand_forward_144.jpg,0
images/hand_forward_145.jpg,0
images/hand_forward_146.jpg,0
images/hand_forward_147.jpg,0
images/hand_forward_148.jpg,0
images/hand_forward_149.jpg,0
images/hand_forward_150.jpg,0
images/hand_forward_151.jpg,0
images/hand_forward_152.jpg,0
images/hand_forward_153.jpg,0
images/hand_forward_154.jpg,0
images/hand_forward_155.jpg,0
images/hand_forward_156.jpg,0
images/hand_forward_157.jpg,0
images/hand_forward_158.jpg,0
images/hand_forward_159.jpg,0
images/hand_forward_160.jpg,0
images/hand_forward_161.jpg,0
images/hand_forward_162.jpg,0
images/hand_forward_163.jpg,0
images/hand_forward_164.jpg,0
images/hand_forward_165.jpg,0
images/hand_forward_166.jpg,0
images/hand_forward_167.jpg,0
images/hand_forward_168.jpg,0
images/hand_forward_169.jpg,0
images/hand_forward_170.jpg,0
images/hand_forward_171.jpg,0
images/hand_forward_172.jpg,0
images/hand_forward_173.jpg,0
images/hand_forward_174.jpg,0
images/hand_forward_175.jpg,0
images/hand_forward_176.jpg,0
images/hand_forward_177.jpg,0
images/hand_forward_178.jpg,0
images/hand_forward_179.jpg,0
images/hand_forward_180.jpg,0
images/hand_forward_181.jpg,0
images/hand_forward_182.jpg,0
images/hand_forward_183.jpg,0
images/hand_forward_184.jpg,0
images/hand_forward_185.jpg,0
images/hand_forward_186.jpg,0
images/hand_forward_187.jpg,0
images/hand_forward_188.jpg,0
images/hand_forward_189.jpg,0
images/hand_forward_190.jpg,0
images/hand_forward_191.jpg,0
images/hand_forward_192.jpg,0
images/hand_forward_193.jpg,0
images/hand_forward_194.jpg,0
images/hand_forward_195.jpg,0
images/hand_forward_196.jpg,0
images/hand_forward_197.jpg,0
images/hand_forward_198.jpg,0
images/hand_forward_199.jpg,0
images/hand_forward_200.jpg,0
images/hand_forward_201.jpg,0
images/hand_forward_202.jpg,0
images/hand_forward_203.jpg,0
images/hand_forward_204.jpg,0
images/hand_forward_205.jpg,0
images/hand_forward_206.jpg,0
images/hand_forward_207.jpg,0
images/hand_forward_208.jpg,0
images/hand_forward_209.jpg,0
images/hand_forward_210.jpg,0
images/hand_forward_211.jpg,0
images/hand_forward_212.jpg,0
images/hand_forward_213.jpg,0
images/hand_forward_214.jpg,0
images/hand_forward_215.jpg,0
images/hand_forward_216.jpg,0
images/hand_forward_217.jpg,0
images/hand_forward_218.jpg,0
images/hand_forward_219.jpg,0
images/hand_forward_220.jpg,0
images/hand_forward_221.jpg,0
images/hand_forward_222.jpg,0
images/hand_forward_223.jpg,0
images/hand_forward_224.jpg,0
images/hand_forward_225.jpg,0
images/hand_forward_226.jpg,0
images/hand_forward_227.jpg,0
images/hand_forward_228.jpg,0
images/hand_forward_229.jpg,0
images/hand_forward_230.jpg,0
images/hand_forward_231.jpg,0
images/hand_forward_232.jpg,0
images/hand_forward_233.jpg,0
images/hand_forward_234.jpg,0
images/hand_forward_235.jpg,0
images/hand_forward_236.jpg,0
images/hand_forward_237.jpg,0
images/hand_forward_238.jpg,0
images/hand_forward_239.jpg,0
images/hand_forward_240.jpg,0
images/hand_forward_241.jpg,0
images/hand_forward_242.jpg,0
images/hand_forward_243.jpg,0
images/hand_forward_244.jpg,0
images/hand_forward_245.jpg,0
images/hand_forward_246.jpg,0
images/hand_forward_247.jpg,0
images/hand_forward_248.jpg,0
images/hand_forward_249.jpg,0
images/hand_forward_250.jpg,0
images/hand_forward_251.jpg,0
images/hand_forward_252.jpg,0
images/hand_forward_253.jpg,0
images/hand_forward_254.jpg,0
images/hand_forward_255.jpg,0
images/hand_forward_256.jpg,0
images/hand_forward_257.jpg,0
images/hand_forward_258.jpg,0
images/hand_forward_259.jpg,0
images/hand_forward_260.jpg,0
images/hand_forward_261.jpg,0
images/hand_forward_262.jpg,0
images/hand_forward_263.jpg,0
images/hand_forward_264.jpg,0
images/hand_forward_265.jpg,0
images/hand_forward_266.jpg,0
images/hand_forward_267.jpg,0
images/hand_forward_268.jpg,0
images/hand_forward_269.jpg,0
images/hand_forward_270.jpg,0
images/hand_forward_271.jpg,0
images/hand_forward_272.jpg,0
images/hand_forward_273.jpg,0
images/hand_forward_274.jpg,0
images/hand_forward_275.jpg,0
images/hand_forward_276.jpg,0
images/hand_forward_277.jpg,0
images/hand_forward_278.jpg,0
images/hand_forward_279.jpg,0
images/hand_forward_280.jpg,0
images/hand_forward_281.jpg,0
images/hand_forward_282.jpg,0
images/hand_forward_283.jpg,0
images/hand_forward_284.jpg,0
images/hand_forward_285.jpg,0
images/hand_forward_286.jpg,0
images/hand_forward_287.jpg,0
images/hand_forward_288.jpg,0
images/hand_forward_289.jpg,0
images/hand_forward_290.jpg,0
images/hand_forward_291.jpg,0
images/hand_forward_292.jpg,0
images/hand_forward_293.jpg,0
images/hand_forward_294.jpg,0
images/hand_forward_295.jpg,0
images/hand_forward_296.jpg,0
images/hand_forward_297.jpg,0
images/hand_forward_298.jpg,0
images/hand_forward_299.jpg,0
images/hand_forward_300.jpg,0
images/hand_forward_301.jpg,0
images/hand_forward_302.jpg,0
images/hand_forward_303.jpg,0
images/hand_forward_304.jpg,0
images/hand_forward_305.jpg,0
images/hand_forward_306.jpg,0
images/hand_forward_307.jpg,0
images/hand_forward_308.jpg,0
images/hand_forward_309.jpg,0
images/hand_forward_310.jpg,0
images/hand_forward_311.jpg,0
images/hand_forward_312.jpg,0
images/hand_forward_313.jpg,0
images/hand_forward_314.jpg,0
images/hand_forward_315.jpg,0
images/hand_forward_316.jpg,0
images/hand_forward_317.jpg,0
images/hand_forward_318.jpg,0
images/hand_forward_319.jpg,0
images/hand_forward_320.jpg,0
images/hand_forward_321.jpg,0
images/hand_forward_322.jpg,0
images/hand_forward_323.jpg,0
images/hand_forward_324.jpg,0
images/hand_forward_325.jpg,0
images/hand_forward_326.jpg,0
images/hand_forward_327.jpg,0
images/hand_forward_328.jpg,0
images/hand_forward_329.jpg,0
images/hand_forward_330.jpg,0
images/hand_forward_331.jpg,0
images/hand_forward_332.jpg,0
images/hand_forward_333.jpg,0
images/hand_forward_334.jpg,0
images/hand_forward_335.jpg,0
images/hand_forward_336.jpg,0
images/hand_forward_337.jpg,0
images/hand_forward_338.jpg,0
images/hand_forward_339.jpg,0
images/hand_forward_340.jpg,0
images/hand_forward_341.jpg,0
images/hand_forward_342.jpg,0
images/hand_forward_343.jpg,0
images/hand_forward_344.jpg,0
images/hand_forward_345.jpg,0
images/hand_forward_346.jpg,0
images/hand_forward_347.jpg,0
images/hand_forward_348.jpg,0
images/hand_forward_349.jpg,0
images/hand_forward_350.jpg,0
images/hand_forward_351.jpg,0
images/hand_forward_352.jpg,0
images/hand_forward_353.jpg,0
images/hand_forward_354.jpg,0
images/hand_forward_355.jpg,0
images/hand_forward_356.jpg,0
images/hand_forward_357.jpg,0
images/hand_forward_358.jpg,0
images/hand_forward_359.jpg,0
images/hand_forward_360.jpg,0
images/hand_forward_361.jpg,0
images/hand_forward_362.jpg,0
images/hand_forward_363.jpg,0
images/hand_forward_364.jpg,0
images/hand_forward_365.jpg,0
images/hand_forward_366.jpg,0
images/hand_forward_367.jpg,0
images/hand_forward_368.jpg,0
images/hand_forward_369.jpg,0
images/hand_forward_370.jpg,0
images/hand_forward_371.jpg,0
images/hand_forward_372.jpg,0
images/hand_forward_373.jpg,0
images/hand_forward_374.jpg,0
images/hand_forward_375.jpg,0
images/hand_forward_376.jpg,0
images/hand_forward_377.jpg,0
images/hand_forward_378.jpg,0
images/hand_forward_379.jpg,0
images/hand_forward_380.jpg,0
images/hand_forward_381.jpg,0
images/hand_forward_382.jpg,0
images/hand_forward_383.jpg,0
images/hand_forward_384.jpg,0
images/hand_forward_385.jpg,0
images/hand_forward_386.jpg,0
images/hand_forward_387.jpg,0
images/hand_forward_388.jpg,0
images/hand_forward_389.jpg,0
images/hand_forward_390.jpg,0
images/hand_forward_391.jpg,0
images/hand_forward_392.jpg,0
images/hand_forward_393.jpg,0
images/hand_forward_394.jpg,0
images/hand_forward_395.jpg,0
images/hand_forward_396.jpg,0
images/hand_forward_397.jpg,0
images/hand_forward_398.jpg,0
images/hand_forward_399.jpg,0
images/hand_forward_400.jpg,0
images/hand_forward_401.jpg,0
images/hand_forward_402.jpg,0
images/hand_forward_403.jpg,0
images/hand_forward_404.jpg,0
images/hand_forward_405.jpg,0
images/hand_forward_406.jpg,0
images/hand_forward_407.jpg,0
images/hand_forward_408.jpg,0
images/hand_forward_409.jpg,0
images/hand_forward_410.jpg,0
images/hand_forward_411.jpg,0
images/hand_forward_412.jpg,0
images/hand_forward_413.jpg,0
images/hand_forward_414.jpg,0
images/hand_forward_415.jpg,0
images/hand_forward_416.jpg,0
images/hand_forward_417.jpg,0
images/hand_forward_418.jpg,0
images/hand_forward_419.jpg,0
images/hand_forward_420.jpg,0
images/hand_forward_421.jpg,0
images/hand_forward_422.jpg,0
images/hand_forward_423.jpg,0
images/hand_forward_424.jpg,0
images/hand_forward_425.jpg,0
images/hand_forward_426.jpg,0
images/hand_forward_427.jpg,0
images/hand_forward_428.jpg,0
images/hand_forward_429.jpg,0
images/hand_forward_430.jpg,0
images/hand_forward_431.jpg,0
images/hand_forward_432.jpg,0
images/hand_forward_433.jpg,0
images/hand_forward_434.jpg,0
images/hand_forward_435.jpg,0
images/hand_forward_436.jpg,0
images/hand_forward_437.jpg,0
images/hand_forward_438.jpg,0
images/hand_forward_439.jpg,0
images/hand_forward_440.jpg,0
images/hand_forward_441.jpg,0
images/hand_forward_442.jpg,0
images/hand_forward_443.jpg,0
images/hand_forward_444.jpg,0
images/hand_forward_445.jpg,0
images/hand_forward_446.jpg,0
images/hand_forward_447.jpg,0
images/hand_forward_448.jpg,0
images/hand_forward_449.jpg,0
images/hand_forward_450.jpg,0
images/hand_forward_451.jpg,0
images/hand_forward_452.jpg,0
images/hand_forward_453.jpg,0
images/hand_forward_454.jpg,0
images/hand_forward_455.jpg,0
images/hand_forward_456.jpg,0
images/hand_forward_457.jpg,0
images/hand_forward_458.jpg,0
images/hand_forward_459.jpg,0
images/hand_forward_460.jpg,0
images/hand_forward_461.jpg,0
images/hand_forward_462.jpg,0
images/hand_forward_463.jpg,0
images/hand_forward_464.jpg,0
images/hand_forward_465.jpg,0
images/hand_forward_466.jpg,0
images/hand_forward_467.jpg,0
images/hand_forward_468.jpg,0
images/hand_forward_469.jpg,0
images/hand_forward_470.jpg,0
images/hand_forward_471.jpg,0
images/hand_forward_472.jpg,0
images/hand_forward_473.jpg,0
images/hand_forward_474.jpg,0
images/hand_forward_475.jpg,0
images/hand_forward_476.jpg,0
images/hand_forward_477.jpg,0
images/hand_forward_478.jpg,0
images/hand_forward_479.jpg,0
images/hand_forward_480.jpg,0
images/hand_forward_481.jpg,0
images/hand_forward_482.jpg,0
images/hand_forward_483.jpg,0
images/hand_forward_484.jpg,0
images/hand_forward_485.jpg,0
images/hand_forward_486.jpg,0
images/hand_forward_487.jpg,0
images/hand_forward_488.jpg,0
images/hand_forward_489.jpg,0
images/hand_forward_490.jpg,0
images/hand_forward_491.jpg,0
images/hand_forward_492.jpg,0
images/hand_forward_493.jpg,0
images/hand_forward_494.jpg,0
images/hand_forward_495.jpg,0
images/hand_forward_496.jpg,0
images/hand_forward_497.jpg,0
images/hand_forward_498.jpg,0
images/hand_forward_499.jpg,0
images/hand_forward_500.jpg,0
images/hand_forward_501.jpg,0
images/hand_forward_502.jpg,0
images/hand_forward_503.jpg,0
images/hand_forward_504.jpg,0
images/hand_forward_505.jpg,0
images/hand_forward_506.jpg,0
images/hand_forward_507.jpg,0
images/hand_forward_508.jpg,0
images/hand_forward_509.jpg,0
images/hand_forward_510.jpg,0
images/hand_forward_511.jpg,0
images/hand_forward_512.jpg,0
images/hand_forward_513.jpg,0
images/hand_forward_514.jpg,0
images/hand_forward_515.jpg,0
images/hand_forward_516.jpg,0
images/hand_forward_517.jpg,0
images/hand_forward_518.jpg,0
images/hand_forward_519.jpg,0
images/hand_forward_520.jpg,0
images/hand_forward_521.jpg,0
images/hand_forward_522.jpg,0
images/hand_forward_523.jpg,0
images/hand_forward_524.jpg,0
images/hand_forward_right_1.jpg,0
images/hand_forward_right_2.jpg,0
images/hand_forward_right_3.jpg,0
images/hand_forward_right_4.jpg,0
images/hand_forward_right_5.jpg,0
images/hand_forward_right_6.jpg,0
images/hand_forward_right_7.jpg,0
images/hand_forward_right_8.jpg,0
images/hand_forward_right_9.jpg,0
images/hand_forward_right_10.jpg,0
images/hand_forward_right_11.jpg,0
images/hand_forward_right_12.jpg,0
images/hand_forward_right_13.jpg,0
images/hand_forward_right_14.jpg,0
images/hand_forward_right_15.jpg,0
images/hand_forward_right_16.jpg,0
images/hand_forward_right_17.jpg,0
images/hand_forward_right_18.jpg,0
images/hand_forward_right_19.jpg,0
images/hand_forward_right_20.jpg,0
images/hand_forward_right_21.jpg,0
images/hand_forward_right_22.jpg,0
images/hand_forward_right_23.jpg,0
images/hand_forward_right_24.jpg,0
images/hand_forward_right_25.jpg,0
images/hand_forward_right_26.jpg,0
images/hand_forward_right_27.jpg,0
images/hand_forward_right_28.jpg,0
images/hand_forward_right_29.jpg,0
images/hand_forward_right_30.jpg,0
images/hand_forward_right_31.jpg,0
images/hand_forward_right_32.jpg,0
images/hand_forward_right_33.jpg,0
images/hand_forward_right_34.jpg,0
images/hand_forward_right_35.jpg,0
images/hand_forward_right_36.jpg,0
images/hand_forward_right_37.jpg,0
images/hand_forward_right_38.jpg,0
images/hand_forward_right_39.jpg,0
images/hand_forward_right_40.jpg,0
images/hand_forward_right_41.jpg,0
images/hand_forward_right_42.jpg,0
images/hand_forward_right_43.jpg,0
images/hand_forward_right_44.jpg,0
images/hand_forward_right_45.jpg,0
images/hand_forward_right_46.jpg,0
images/hand_forward_right_47.jpg,0
images/hand_forward_right_48.jpg,0
images/hand_forward_right_49.jpg,0
images/hand_forward_right_50.jpg,0
images/hand_forward_right_51.jpg,0
images/hand_forward_right_52.jpg,0
images/hand_forward_right_53.jpg,0
images/hand_forward_right_54.jpg,0
images/hand_forward_right_55.jpg,0
images/hand_forward_right_56.jpg,0
images/hand_forward_right_57.jpg,0
images/hand_forward_right_58.jpg,0
images/hand_forward_right_59.jpg,0
images/hand_forward_right_60.jpg,0
images/hand_forward_right_61.jpg,0
images/hand_forward_right_62.jpg,0
images/hand_forward_right_63.jpg,0
images/hand_forward_right_64.jpg,0
images/hand_forward_right_65.jpg,0
images/hand_forward_right_66.jpg,0
images/hand_forward_right_67.jpg,0
images/hand_forward_right_68.jpg,0
images/hand_forward_right_69.jpg,0
images/hand_forward_right_70.jpg,0
images/hand_forward_right_71.jpg,0
images/hand_forward_right_72.jpg,0
images/hand_forward_right_73.jpg,0
images/hand_forward_right_74.jpg,0
images/hand_forward_right_75.jpg,0
images/hand_forward_right_76.jpg,0
images/hand_forward_right_77.jpg,0
images/hand_forward_right_78.jpg,0
images/hand_forward_right_79.jpg,0
images/hand_forward_right_80.jpg,0
images/hand_forward_right_81.jpg,0
images/hand_forward_right_82.jpg,0
images/hand_forward_right_83.jpg,0
images/hand_forward_right_84.jpg,0
images/hand_forward_right_85.jpg,0
images/hand_forward_right_86.jpg,0
images/hand_forward_right_87.jpg,0
images/hand_forward_right_88.jpg,0
images/hand_forward_right_89.jpg,0
images/hand_forward_right_90.jpg,0
images/hand_forward_right_91.jpg,0
images/hand_forward_right_92.jpg,0
images/hand_forward_right_93.jpg,0
images/hand_forward_right_94.jpg,0
images/hand_forward_right_95.jpg,0
images/hand_forward_right_96.jpg,0
images/hand_forward_right_97.jpg,0
images/hand_forward_right_98.jpg,0
images/hand_forward_right_99.jpg,0
images/hand_forward_right_100.jpg,0
images/hand_forward_right_101.jpg,0
images/hand_forward_right_102.jpg,0
images/hand_forward_right_103.jpg,0
images/hand_forward_right_104.jpg,0
images/hand_forward_right_105.jpg,0
images/hand_forward_right_106.jpg,0
images/hand_forward_right_107.jpg,0
images/hand_forward_right_108.jpg,0
images/hand_forward_right_109.jpg,0
images/hand_forward_right_110.jpg,0
images/hand_forward_right_111.jpg,0
images/hand_forward_right_112.jpg,0
images/hand_forward_right_113.jpg,0
images/hand_forward_right_114.jpg,0
images/hand_forward_right_115.jpg,0
images/hand_forward_right_116.jpg,0
images/hand_forward_right_117.jpg,0
images/hand_forward_right_118.jpg,0
images/hand_forward_right_119.jpg,0
images/hand_forward_right_120.jpg,0
images/hand_forward_right_121.jpg,0
images/hand_forward_right_122.jpg,0
images/hand_forward_right_123.jpg,0
images/hand_forward_right_124.jpg,0
images/hand_forward_right_125.jpg,0
images/hand_forward_right_126.jpg,0
images/hand_forward_right_127.jpg,0
images/hand_forward_right_128.jpg,0
images/hand_forward_right_129.jpg,0
images/hand_forward_right_130.jpg,0
images/hand_forward_right_131.jpg,0
images/hand_forward_right_132.jpg,0
images/hand_forward_right_133.jpg,0
images/hand_forward_right_134.jpg,0
images/hand_forward_right_135.jpg,0
images/hand_forward_right_136.jpg,0
images/hand_forward_right_137.jpg,0
images/hand_forward_right_138.jpg,0
images/hand_forward_right_139.jpg,0
images/hand_forward_right_140.jpg,0
images/hand_forward_right_141.jpg,0
images/hand_forward_right_142.jpg,0
images/hand_forward_right_143.jpg,0
images/hand_forward_right_144.jpg,0
images/hand_forward_right_145.jpg,0
images/hand_forward_right_146.jpg,0
images/hand_forward_right_147.jpg,0
images/hand_forward_right_148.jpg,0
images/hand_forward_right_149.jpg,0
images/hand_forward_right_150.jpg,0
images/hand_forward_right_151.jpg,0
images/hand_forward_right_152.jpg,0
images/hand_forward_right_153.jpg,0
images/hand_forward_right_154.jpg,0
images/hand_forward_right_155.jpg,0
images/hand_forward_right_156.jpg,0
images/hand_forward_right_157.jpg,0
images/hand_forward_right_158.jpg,0
images/hand_forward_right_159.jpg,0
images/hand_forward_right_160.jpg,0
images/hand_forward_right_161.jpg,0
images/hand_forward_right_162.jpg,0
images/hand_forward_right_163.jpg,0
images/hand_forward_right_164.jpg,0
images/hand_forward_right_165.jpg,0
images/hand_forward_right_166.jpg,0
images/hand_forward_right_167.jpg,0
images/hand_forward_right_168.jpg,0
images/hand_forward_right_169.jpg,0
images/hand_forward_right_170.jpg,0
images/hand_forward_right_171.jpg,0
images/hand_forward_right_172.jpg,0
images/hand_forward_right_173.jpg,0
images/hand_forward_right_174.jpg,0
images/hand_forward_right_175.jpg,0
images/hand_forward_right_176.jpg,0
images/hand_forward_right_177.jpg,0
images/hand_forward_right_178.jpg,0
images/hand_forward_right_179.jpg,0
images/hand_forward_right_180.jpg,0
images/hand_forward_right_181.jpg,0
images/hand_forward_right_182.jpg,0
images/hand_forward_right_183.jpg,0
images/hand_forward_right_184.jpg,0
images/hand_forward_right_185.jpg,0
images/hand_forward_right_186.jpg,0
images/hand_forward_right_187.jpg,0
images/hand_forward_right_188.jpg,0
images/hand_forward_right_189.jpg,0
images/hand_forward_right_190.jpg,0
images/hand_forward_right_191.jpg,0
images/hand_forward_right_192.jpg,0
images/hand_forward_right_193.jpg,0
images/hand_forward_right_194.jpg,0
images/hand_forward_right_195.jpg,0
images/hand_forward_right_196.jpg,0
images/hand_forward_right_197.jpg,0
images/hand_forward_right_198.jpg,0
images/hand_forward_right_199.jpg,0
images/hand_forward_right_200.jpg,0
images/hand_forward_right_201.jpg,0
images/hand_forward_right_202.jpg,0
images/hand_forward_right_203.jpg,0
images/hand_forward_right_204.jpg,0
images/hand_forward_right_205.jpg,0
images/hand_forward_right_206.jpg,0
images/hand_forward_right_207.jpg,0
images/hand_forward_right_208.jpg,0
images/hand_forward_right_209.jpg,0
images/hand_forward_right_210.jpg,0
images/hand_forward_right_211.jpg,0
images/hand_forward_right_212.jpg,0
images/hand_forward_right_213.jpg,0
images/hand_forward_right_214.jpg,0
images/hand_forward_right_215.jpg,0
images/hand_forward_right_216.jpg,0
images/hand_forward_right_217.jpg,0
images/hand_forward_right_218.jpg,0
images/hand_forward_right_219.jpg,0
images/hand_forward_right_220.jpg,0
images/hand_forward_right_221.jpg,0
images/hand_forward_right_222.jpg,0
images/hand_forward_right_223.jpg,0
images/hand_forward_right_224.jpg,0
images/hand_forward_right_225.jpg,0
images/hand_forward_right_226.jpg,0
images/hand_forward_right_227.jpg,0
images/hand_forward_right_228.jpg,0
images/hand_forward_right_229.jpg,0
images/hand_forward_right_230.jpg,0
images/hand_forward_right_231.jpg,0
images/hand_forward_right_232.jpg,0
images/hand_forward_right_233.jpg,0
images/hand_forward_right_234.jpg,0
images/hand_forward_right_235.jpg,0
images/hand_forward_right_236.jpg,0
images/hand_forward_right_237.jpg,0
images/hand_forward_right_238.jpg,0
images/hand_forward_right_239.jpg,0
images/hand_forward_right_240.jpg,0
images/hand_forward_right_241.jpg,0
images/hand_forward_right_242.jpg,0
images/hand_forward_right_243.jpg,0
images/hand_forward_right_244.jpg,0
images/hand_forward_right_245.jpg,0
images/hand_forward_right_246.jpg,0
images/hand_forward_right_247.jpg,0
images/hand_forward_right_248.jpg,0
images/hand_forward_right_249.jpg,0
images/hand_forward_right_250.jpg,0
images/hand_forward_right_251.jpg,0
images/hand_forward_right_252.jpg,0
images/hand_forward_right_253.jpg,0
images/hand_forward_right_254.jpg,0
images/hand_forward_right_255.jpg,0
images/hand_forward_right_256.jpg,0
images/hand_forward_right_257.jpg,0
images/hand_forward_right_258.jpg,0
images/hand_forward_right_259.jpg,0
images/hand_forward_right_260.jpg,0
images/hand_forward_right_261.jpg,0
images/hand_forward_right_262.jpg,0
images/hand_forward_right_263.jpg,0
images/hand_forward_right_264.jpg,0
images/hand_forward_right_265.jpg,0
images/hand_forward_right_266.jpg,0
images/hand_forward_right_267.jpg,0
images/hand_forward_right_268.jpg,0
images/hand_forward_right_269.jpg,0
images/hand_forward_right_270.jpg,0
images/hand_forward_right_271.jpg,0
images/hand_forward_right_272.jpg,0
images/hand_forward_right_273.jpg,0
images/hand_forward_right_274.jpg,0
images/hand_forward_right_275.jpg,0
images/hand_forward_right_276.jpg,0
images/hand_forward_right_277.jpg,0
images/hand_forward_right_278.jpg,0
images/hand_forward_right_279.jpg,0
images/hand_forward_right_280.jpg,0
images/hand_forward_right_281.jpg,0
images/hand_forward_right_282.jpg,0
images/hand_forward_right_283.jpg,0
images/hand_forward_right_284.jpg,0
images/hand_forward_right_285.jpg,0
images/hand_forward_right_286.jpg,0
images/hand_forward_right_287.jpg,0
images/hand_forward_right_288.jpg,0
images/hand_forward_right_289.jpg,0
images/hand_forward_right_290.jpg,0
images/hand_forward_right_291.jpg,0
images/hand_forward_right_292.jpg,0
images/hand_forward_right_293.jpg,0
images/hand_forward_right_294.jpg,0
images/hand_forward_right_295.jpg,0
images/hand_forward_right_296.jpg,0
images/hand_forward_right_297.jpg,0
images/hand_forward_right_298.jpg,0
images/hand_forward_right_299.jpg,0
images/hand_forward_right_300.jpg,0
images/hand_forward_right_301.jpg,0
images/hand_forward_right_302.jpg,0
images/hand_forward_right_303.jpg,0
images/hand_forward_right_304.jpg,0
images/hand_forward_right_305.jpg,0
images/hand_forward_right_306.jpg,0
images/hand_forward_right_307.jpg,0
images/hand_forward_right_308.jpg,0
images/hand_forward_right_309.jpg,0
images/hand_forward_right_310.jpg,0
images/hand_forward_right_311.jpg,0
images/hand_forward_right_312.jpg,0
images/hand_forward_right_313.jpg,0
images/hand_forward_right_314.jpg,0
images/hand_forward_right_315.jpg,0
images/hand_forward_right_316.jpg,0
images/hand_forward_right_317.jpg,0
images/hand_forward_right_318.jpg,0
images/hand_forward_right_319.jpg,0
images/hand_forward_right_320.jpg,0
images/hand_forward_right_321.jpg,0
images/hand_forward_right_322.jpg,0
images/hand_forward_right_323.jpg,0
images/hand_forward_right_324.jpg,0
images/hand_forward_right_325.jpg,0
images/hand_forward_right_326.jpg,0
images/hand_forward_right_327.jpg,0
images/hand_forward_right_328.jpg,0
images/hand_forward_right_329.jpg,0
images/hand_forward_right_330.jpg,0
images/hand_forward_right_331.jpg,0
images/hand_forward_right_332.jpg,0
images/hand_forward_right_333.jpg,0
images/hand_forward_right_334.jpg,0
images/hand_forward_right_335.jpg,0
images/hand_forward_right_336.jpg,0
images/hand_forward_right_337.jpg,0
images/hand_forward_right_338.jpg,0
images/hand_forward_right_339.jpg,0
images/hand_forward_right_340.jpg,0
images/hand_forward_right_341.jpg,0
images/hand_forward_right_342.jpg,0
images/hand_forward_right_343.jpg,0
images/hand_forward_right_344.jpg,0
images/hand_forward_right_345.jpg,0
images/hand_forward_right_346.jpg,0
images/hand_forward_right_347.jpg,0
images/hand_forward_right_348.jpg,0
images/hand_forward_right_349.jpg,0
images/hand_forward_right_350.jpg,0
images/hand_forward_right_351.jpg,0
images/hand_forward_right_352.jpg,0
images/hand_forward_right_353.jpg,0
images/hand_forward_right_354.jpg,0
images/hand_forward_right_355.jpg,0
images/hand_forward_right_356.jpg,0
images/hand_forward_right_357.jpg,0
images/hand_forward_right_358.jpg,0
images/hand_forward_right_359.jpg,0
images/hand_forward_right_360.jpg,0
images/hand_forward_right_361.jpg,0
images/hand_forward_right_362.jpg,0
images/hand_forward_right_363.jpg,0
images/hand_forward_right_364.jpg,0
images/hand_forward_right_365.jpg,0
images/hand_forward_right_366.jpg,0
images/hand_forward_right_367.jpg,0
images/hand_forward_right_368.jpg,0
images/hand_forward_right_369.jpg,0
images/hand_forward_right_370.jpg,0
images/hand_forward_right_371.jpg,0
images/hand_forward_right_372.jpg,0
images/hand_forward_right_373.jpg,0
images/hand_forward_right_374.jpg,0
images/hand_forward_right_375.jpg,0
images/hand_forward_right_376.jpg,0
images/hand_forward_right_377.jpg,0
images/hand_forward_right_378.jpg,0
images/hand_forward_right_379.jpg,0
images/hand_forward_right_380.jpg,0
images/hand_forward_right_381.jpg,0
images/hand_forward_right_382.jpg,0
images/hand_forward_right_383.jpg,0
images/hand_forward_right_384.jpg,0
images/hand_forward_right_385.jpg,0
images/hand_forward_right_386.jpg,0
images/hand_forward_right_387.jpg,0
images/hand_forward_right_388.jpg,0
images/hand_forward_right_389.jpg,0
images/hand_forward_right_390.jpg,0
images/hand_forward_right_391.jpg,0
images/hand_forward_right_392.jpg,0
images/hand_forward_right_393.jpg,0
images/hand_forward_right_394.jpg,0
images/hand_forward_right_395.jpg,0
images/hand_forward_right_396.jpg,0
images/hand_forward_right_397.jpg,0
images/hand_forward_right_398.jpg,0
images/hand_forward_right_399.jpg,0
images/hand_forward_right_400.jpg,0
images/hand_forward_right_401.jpg,0
images/hand_forward_right_402.jpg,0
images/hand_forward_right_403.jpg,0
images/hand_forward_right_404.jpg,0
images/hand_forward_right_405.jpg,0
images/hand_forward_right_406.jpg,0
images/hand_forward_right_407.jpg,0
images/hand_forward_right_408.jpg,0
images/hand_forward_right_409.jpg,0
images/hand_forward_right_410.jpg,0
images/hand_forward_right_411.jpg,0
images/hand_forward_right_412.jpg,0
images/hand_forward_right_413.jpg,0
images/hand_forward_right_414.jpg,0
images/hand_forward_right_415.jpg,0
images/hand_forward_right_416.jpg,0
images/hand_forward_right_417.jpg,0
images/hand_forward_right_418.jpg,0
images/hand_forward_right_419.jpg,0
images/hand_forward_right_420.jpg,0
images/hand_forward_right_421.jpg,0
images/hand_forward_right_422.jpg,0
images/hand_forward_right_423.jpg,0
images/hand_forward_right_424.jpg,0
images/hand_forward_right_425.jpg,0
images/hand_forward_right_426.jpg,0
images/hand_forward_right_427.jpg,0
images/hand_forward_right_428.jpg,0
images/hand_forward_right_429.jpg,0
images/hand_forward_right_430.jpg,0
images/hand_forward_right_431.jpg,0
images/hand_forward_right_432.jpg,0
images/hand_forward_right_433.jpg,0
images/hand_forward_right_434.jpg,0
images/hand_forward_right_435.jpg,0
images/hand_forward_right_436.jpg,0
images/hand_forward_right_437.jpg,0
images/hand_forward_right_438.jpg,0
images/hand_forward_right_439.jpg,0
images/hand_forward_right_440.jpg,0
images/hand_forward_right_441.jpg,0
images/hand_forward_right_442.jpg,0
images/hand_forward_right_443.jpg,0
images/hand_forward_right_444.jpg,0
images/hand_forward_right_445.jpg,0
images/hand_forward_right_446.jpg,0
images/hand_forward_right_447.jpg,0
images/hand_forward_right_448.jpg,0
images/hand_forward_right_449.jpg,0
images/hand_forward_right_450.jpg,0
images/hand_forward_right_451.jpg,0
images/hand_forward_right_452.jpg,0
images/hand_forward_right_453.jpg,0
images/hand_forward_right_454.jpg,0
images/hand_forward_right_455.jpg,0
images/hand_forward_right_456.jpg,0
images/hand_forward_right_457.jpg,0
images/hand_forward_right_458.jpg,0
images/hand_forward_right_459.jpg,0
images/hand_forward_right_460.jpg,0
images/hand_forward_right_461.jpg,0
images/hand_forward_right_462.jpg,0
images/hand_forward_right_463.jpg,0
images/hand_forward_right_464.jpg,0
images/hand_forward_right_465.jpg,0
images/hand_forward_right_466.jpg,0
images/hand_forward_right_467.jpg,0
images/hand_forward_right_468.jpg,0
images/hand_forward_right_469.jpg,0
images/hand_forward_right_470.jpg,0
images/hand_forward_right_471.jpg,0
images/hand_forward_right_472.jpg,0
images/hand_forward_right_473.jpg,0
images/hand_forward_right_474.jpg,0
images/hand_forward_right_475.jpg,0
images/hand_forward_right_476.jpg,0
images/hand_forward_right_477.jpg,0
images/hand_forward_right_478.jpg,0
images/hand_forward_right_479.jpg,0
images/hand_forward_right_480.jpg,0
images/hand_forward_right_481.jpg,0
images/hand_forward_right_482.jpg,0
images/hand_forward_right_483.jpg,0
images/hand_forward_right_484.jpg,0
images/hand_forward_right_485.jpg,0
images/hand_forward_right_486.jpg,0
images/hand_forward_right_487.jpg,0
images/hand_forward_right_488.jpg,0
images/hand_forward_right_489.jpg,0
images/hand_forward_right_490.jpg,0
images/hand_forward_right_491.jpg,0
images/hand_forward_right_492.jpg,0
images/hand_forward_right_493.jpg,0
images/hand_forward_right_494.jpg,0
images/hand_forward_right_495.jpg,0
images/hand_forward_right_496.jpg,0
images/hand_forward_right_497.jpg,0
images/hand_forward_right_498.jpg,0
images/hand_stop_right_1.jpg,1
images/hand_stop_right_2.jpg,1
images/hand_stop_right_3.jpg,1
images/hand_stop_right_4.jpg,1
images/hand_stop_right_5.jpg,1
images/hand_stop_right_6.jpg,1
images/hand_stop_right_7.jpg,1
images/hand_stop_right_8.jpg,1
images/hand_stop_right_9.jpg,1
images/hand_stop_right_10.jpg,1
images/hand_stop_right_11.jpg,1
images/hand_stop_right_12.jpg,1
images/hand_stop_right_13.jpg,1
images/hand_stop_right_14.jpg,1
images/hand_stop_right_15.jpg,1
images/hand_stop_right_16.jpg,1
images/hand_stop_right_17.jpg,1
images/hand_stop_right_18.jpg,1
images/hand_stop_right_19.jpg,1
images/hand_stop_right_20.jpg,1
images/hand_stop_right_21.jpg,1
images/hand_stop_right_22.jpg,1
images/hand_stop_right_23.jpg,1
images/hand_stop_right_24.jpg,1
images/hand_stop_right_25.jpg,1
images/hand_stop_right_26.jpg,1
images/hand_stop_right_27.jpg,1
images/hand_stop_right_28.jpg,1
images/hand_stop_right_29.jpg,1
images/hand_stop_right_30.jpg,1
images/hand_stop_right_31.jpg,1
images/hand_stop_right_32.jpg,1
images/hand_stop_right_33.jpg,1
images/hand_stop_right_34.jpg,1
images/hand_stop_right_35.jpg,1
images/hand_stop_right_36.jpg,1
images/hand_stop_right_37.jpg,1
images/hand_stop_right_38.jpg,1
images/hand_stop_right_39.jpg,1
images/hand_stop_right_40.jpg,1
images/hand_stop_right_41.jpg,1
images/hand_stop_right_42.jpg,1
images/hand_stop_right_43.jpg,1
images/hand_stop_right_44.jpg,1
images/hand_stop_right_45.jpg,1
images/hand_stop_right_46.jpg,1
images/hand_stop_right_47.jpg,1
images/hand_stop_right_48.jpg,1
images/hand_stop_right_49.jpg,1
images/hand_stop_right_50.jpg,1
images/hand_stop_right_51.jpg,1
images/hand_stop_right_52.jpg,1
images/hand_stop_right_53.jpg,1
images/hand_stop_right_54.jpg,1
images/hand_stop_right_55.jpg,1
images/hand_stop_right_56.jpg,1
images/hand_stop_right_57.jpg,1
images/hand_stop_right_58.jpg,1
images/hand_stop_right_59.jpg,1
images/hand_stop_right_60.jpg,1
images/hand_stop_right_61.jpg,1
images/hand_stop_right_62.jpg,1
images/hand_stop_right_63.jpg,1
images/hand_stop_right_64.jpg,1
images/hand_stop_right_65.jpg,1
images/hand_stop_right_66.jpg,1
images/hand_stop_right_67.jpg,1
images/hand_stop_right_68.jpg,1
images/hand_stop_right_69.jpg,1
images/hand_stop_right_70.jpg,1
images/hand_stop_right_71.jpg,1
images/hand_stop_right_72.jpg,1
images/hand_stop_right_73.jpg,1
images/hand_stop_right_74.jpg,1
images/hand_stop_right_75.jpg,1
images/hand_stop_right_76.jpg,1
images/hand_stop_right_77.jpg,1
images/hand_stop_right_78.jpg,1
images/hand_stop_right_79.jpg,1
images/hand_stop_right_80.jpg,1
images/hand_stop_right_81.jpg,1
images/hand_stop_right_82.jpg,1
images/hand_stop_right_83.jpg,1
images/hand_stop_right_84.jpg,1
images/hand_stop_right_85.jpg,1
images/hand_stop_right_86.jpg,1
images/hand_stop_right_87.jpg,1
images/hand_stop_right_88.jpg,1
images/hand_stop_right_89.jpg,1
images/hand_stop_right_90.jpg,1
images/hand_stop_right_91.jpg,1
images/hand_stop_right_92.jpg,1
images/hand_stop_right_93.jpg,1
images/hand_stop_right_94.jpg,1
images/hand_stop_right_95.jpg,1
images/hand_stop_right_96.jpg,1
images/hand_stop_right_97.jpg,1
images/hand_stop_right_98.jpg,1
images/hand_stop_right_99.jpg,1
images/hand_stop_right_100.jpg,1
images/hand_stop_right_101.jpg,1
images/hand_stop_right_102.jpg,1
images/hand_stop_right_103.jpg,1
images/hand_stop_right_104.jpg,1
images/hand_stop_right_105.jpg,1
images/hand_stop_right_106.jpg,1
images/hand_stop_right_107.jpg,1
images/hand_stop_right_108.jpg,1
images/hand_stop_right_109.jpg,1
images/hand_stop_right_110.jpg,1
images/hand_stop_right_111.jpg,1
images/hand_stop_right_112.jpg,1
images/hand_stop_right_113.jpg,1
images/hand_stop_right_114.jpg,1
images/hand_stop_right_115.jpg,1
images/hand_stop_right_116.jpg,1
images/hand_stop_right_117.jpg,1
images/hand_stop_right_118.jpg,1
images/hand_stop_right_119.jpg,1
images/hand_stop_right_120.jpg,1
images/hand_stop_right_121.jpg,1
images/hand_stop_right_122.jpg,1
images/hand_stop_right_123.jpg,1
images/hand_stop_right_124.jpg,1
images/hand_stop_right_125.jpg,1
images/hand_stop_right_126.jpg,1
images/hand_stop_right_127.jpg,1
images/hand_stop_right_128.jpg,1
images/hand_stop_right_129.jpg,1
images/hand_stop_right_130.jpg,1
images/hand_stop_right_131.jpg,1
images/hand_stop_right_132.jpg,1
images/hand_stop_right_133.jpg,1
images/hand_stop_right_134.jpg,1
images/hand_stop_right_135.jpg,1
images/hand_stop_right_136.jpg,1
images/hand_stop_right_137.jpg,1
images/hand_stop_right_138.jpg,1
images/hand_stop_right_139.jpg,1
images/hand_stop_right_140.jpg,1
images/hand_stop_right_141.jpg,1
images/hand_stop_right_142.jpg,1
images/hand_stop_right_143.jpg,1
images/hand_stop_right_144.jpg,1
images/hand_stop_right_145.jpg,1
images/hand_stop_right_146.jpg,1
images/hand_stop_right_147.jpg,1
images/hand_stop_right_148.jpg,1
images/hand_stop_right_149.jpg,1
images/hand_stop_right_150.jpg,1
images/hand_stop_right_151.jpg,1
images/hand_stop_right_152.jpg,1
images/hand_stop_right_153.jpg,1
images/hand_stop_right_154.jpg,1
images/hand_stop_right_155.jpg,1
images/hand_stop_right_156.jpg,1
images/hand_stop_right_157.jpg,1
images/hand_stop_right_158.jpg,1
images/hand_stop_right_159.jpg,1
images/hand_stop_right_160.jpg,1
images/hand_stop_right_161.jpg,1
images/hand_stop_right_162.jpg,1
images/hand_stop_right_163.jpg,1
images/hand_stop_right_164.jpg,1
images/hand_stop_right_165.jpg,1
images/hand_stop_right_166.jpg,1
images/hand_stop_right_167.jpg,1
images/hand_stop_right_168.jpg,1
images/hand_stop_right_169.jpg,1
images/hand_stop_right_170.jpg,1
images/hand_stop_right_171.jpg,1
images/hand_stop_right_172.jpg,1
images/hand_stop_right_173.jpg,1
images/hand_stop_right_174.jpg,1
images/hand_stop_right_175.jpg,1
images/hand_stop_right_176.jpg,1
images/hand_stop_right_177.jpg,1
images/hand_stop_right_178.jpg,1
images/hand_stop_right_179.jpg,1
images/hand_stop_right_180.jpg,1
images/hand_stop_right_181.jpg,1
images/hand_stop_right_182.jpg,1
images/hand_stop_right_183.jpg,1
images/hand_stop_right_184.jpg,1
images/hand_stop_right_185.jpg,1
images/hand_stop_right_186.jpg,1
images/hand_stop_right_187.jpg,1
images/hand_stop_right_188.jpg,1
images/hand_stop_right_189.jpg,1
images/hand_stop_right_190.jpg,1
images/hand_stop_right_191.jpg,1
images/hand_stop_right_192.jpg,1
images/hand_stop_right_193.jpg,1
images/hand_stop_right_194.jpg,1
images/hand_stop_right_195.jpg,1
images/hand_stop_right_196.jpg,1
images/hand_stop_right_197.jpg,1
images/hand_stop_right_198.jpg,1
images/hand_stop_right_199.jpg,1
images/hand_stop_right_200.jpg,1
images/hand_stop_right_201.jpg,1
images/hand_stop_right_202.jpg,1
images/hand_stop_right_203.jpg,1
images/hand_stop_right_204.jpg,1
images/hand_stop_right_205.jpg,1
images/hand_stop_right_206.jpg,1
images/hand_stop_right_207.jpg,1
images/hand_stop_right_208.jpg,1
images/hand_stop_right_209.jpg,1
images/hand_stop_right_210.jpg,1
images/hand_stop_right_211.jpg,1
images/hand_stop_right_212.jpg,1
images/hand_stop_right_213.jpg,1
images/hand_stop_right_214.jpg,1
images/hand_stop_right_215.jpg,1
images/hand_stop_right_216.jpg,1
images/hand_stop_right_217.jpg,1
images/hand_stop_right_218.jpg,1
images/hand_stop_right_219.jpg,1
images/hand_stop_right_220.jpg,1
images/hand_stop_right_221.jpg,1
images/hand_stop_right_222.jpg,1
images/hand_stop_right_223.jpg,1
images/hand_stop_right_224.jpg,1
images/hand_stop_right_225.jpg,1
images/hand_stop_right_226.jpg,1
images/hand_stop_right_227.jpg,1
images/hand_stop_right_228.jpg,1
images/hand_stop_right_229.jpg,1
images/hand_stop_right_230.jpg,1
images/hand_stop_right_231.jpg,1
images/hand_stop_right_232.jpg,1
images/hand_stop_right_233.jpg,1
images/hand_stop_right_234.jpg,1
images/hand_stop_right_235.jpg,1
images/hand_stop_right_236.jpg,1
images/hand_stop_right_237.jpg,1
images/hand_stop_right_238.jpg,1
images/hand_stop_right_239.jpg,1
images/hand_stop_right_240.jpg,1
images/hand_stop_right_241.jpg,1
images/hand_stop_right_242.jpg,1
images/hand_stop_right_243.jpg,1
images/hand_stop_right_244.jpg,1
images/hand_stop_right_245.jpg,1
images/hand_stop_right_246.jpg,1
images/hand_stop_right_247.jpg,1
images/hand_stop_right_248.jpg,1
images/hand_stop_right_249.jpg,1
images/hand_stop_right_250.jpg,1
images/hand_stop_right_251.jpg,1
images/hand_stop_right_252.jpg,1
images/hand_stop_right_253.jpg,1
images/hand_stop_right_254.jpg,1
images/hand_stop_right_255.jpg,1
images/hand_stop_right_256.jpg,1
images/hand_stop_right_257.jpg,1
images/hand_stop_right_258.jpg,1
images/hand_stop_right_259.jpg,1
images/hand_stop_right_260.jpg,1
images/hand_stop_right_261.jpg,1
images/hand_stop_right_262.jpg,1
images/hand_stop_right_263.jpg,1
images/hand_stop_right_264.jpg,1
images/hand_stop_right_265.jpg,1
images/hand_stop_right_266.jpg,1
images/hand_stop_right_267.jpg,1
images/hand_stop_right_268.jpg,1
images/hand_stop_right_269.jpg,1
images/hand_stop_right_270.jpg,1
images/hand_stop_right_271.jpg,1
images/hand_stop_right_272.jpg,1
images/hand_stop_right_273.jpg,1
images/hand_stop_right_274.jpg,1
images/hand_stop_right_275.jpg,1
images/hand_stop_right_276.jpg,1
images/hand_stop_right_277.jpg,1
images/hand_stop_right_278.jpg,1
images/hand_stop_right_279.jpg,1
images/hand_stop_right_280.jpg,1
images/hand_stop_right_281.jpg,1
images/hand_stop_right_282.jpg,1
images/hand_stop_right_283.jpg,1
images/hand_stop_right_284.jpg,1
images/hand_stop_right_285.jpg,1
images/hand_stop_right_286.jpg,1
images/hand_stop_right_287.jpg,1
images/hand_stop_right_288.jpg,1
images/hand_stop_right_289.jpg,1
images/hand_stop_right_290.jpg,1
images/hand_stop_right_291.jpg,1
images/hand_stop_right_292.jpg,1
images/hand_stop_right_293.jpg,1
images/hand_stop_right_294.jpg,1
images/hand_stop_right_295.jpg,1
images/hand_stop_right_296.jpg,1
images/hand_stop_right_297.jpg,1
images/hand_stop_right_298.jpg,1
images/hand_stop_right_299.jpg,1
images/hand_stop_right_300.jpg,1
images/hand_stop_right_301.jpg,1
images/hand_stop_right_302.jpg,1
images/hand_stop_right_303.jpg,1
images/hand_stop_right_304.jpg,1
images/hand_stop_right_305.jpg,1
images/hand_stop_right_306.jpg,1
images/hand_stop_right_307.jpg,1
images/hand_stop_right_308.jpg,1
images/hand_stop_right_309.jpg,1
images/hand_stop_right_310.jpg,1
images/hand_stop_right_311.jpg,1
images/hand_stop_right_312.jpg,1
images/hand_stop_right_313.jpg,1
images/hand_stop_right_314.jpg,1
images/hand_stop_right_315.jpg,1
images/hand_stop_right_316.jpg,1
images/hand_stop_right_317.jpg,1
images/hand_stop_right_318.jpg,1
images/hand_stop_right_319.jpg,1
images/hand_stop_right_320.jpg,1
images/hand_stop_right_321.jpg,1
images/hand_stop_right_322.jpg,1
images/hand_stop_right_323.jpg,1
images/hand_stop_right_324.jpg,1
images/hand_stop_right_325.jpg,1
images/hand_stop_right_326.jpg,1
images/hand_stop_right_327.jpg,1
images/hand_stop_right_328.jpg,1
images/hand_stop_right_329.jpg,1
images/hand_stop_right_330.jpg,1
images/hand_stop_right_331.jpg,1
images/hand_stop_right_332.jpg,1
images/hand_stop_right_333.jpg,1
images/hand_stop_right_334.jpg,1
images/hand_stop_right_335.jpg,1
images/hand_stop_right_336.jpg,1
images/hand_stop_right_337.jpg,1
images/hand_stop_right_338.jpg,1
images/hand_stop_right_339.jpg,1
images/hand_stop_right_340.jpg,1
images/hand_stop_right_341.jpg,1
images/hand_stop_right_342.jpg,1
images/hand_stop_right_343.jpg,1
images/hand_stop_right_344.jpg,1
images/hand_stop_right_345.jpg,1
images/hand_stop_right_346.jpg,1
images/hand_stop_right_347.jpg,1
images/hand_stop_right_348.jpg,1
images/hand_stop_right_349.jpg,1
images/hand_stop_right_350.jpg,1
images/hand_stop_right_351.jpg,1
images/hand_stop_right_352.jpg,1
images/hand_stop_right_353.jpg,1
images/hand_stop_right_354.jpg,1
images/hand_stop_right_355.jpg,1
images/hand_stop_right_356.jpg,1
images/hand_stop_right_357.jpg,1
images/hand_stop_right_358.jpg,1
images/hand_stop_right_359.jpg,1
images/hand_stop_right_360.jpg,1
images/hand_stop_right_361.jpg,1
images/hand_stop_right_362.jpg,1
images/hand_stop_right_363.jpg,1
images/hand_stop_right_364.jpg,1
images/hand_stop_right_365.jpg,1
images/hand_stop_right_366.jpg,1
images/hand_stop_right_367.jpg,1
images/hand_stop_right_368.jpg,1
images/hand_stop_right_369.jpg,1
images/hand_stop_right_370.jpg,1
images/hand_stop_right_371.jpg,1
images/hand_stop_right_372.jpg,1
images/hand_stop_right_373.jpg,1
images/hand_stop_right_374.jpg,1
images/hand_stop_right_375.jpg,1
images/hand_stop_right_376.jpg,1
images/hand_stop_right_377.jpg,1
images/hand_stop_right_378.jpg,1
images/hand_stop_1.jpg,1
images/hand_stop_2.jpg,1
images/hand_stop_3.jpg,1
images/hand_stop_4.jpg,1
images/hand_stop_5.jpg,1
images/hand_stop_6.jpg,1
images/hand_stop_7.jpg,1
images/hand_stop_8.jpg,1
images/hand_stop_9.jpg,1
images/hand_stop_10.jpg,1
images/hand_stop_11.jpg,1
images/hand_stop_12.jpg,1
images/hand_stop_13.jpg,1
images/hand_stop_14.jpg,1
images/hand_stop_15.jpg,1
images/hand_stop_16.jpg,1
images/hand_stop_17.jpg,1
images/hand_stop_18.jpg,1
images/hand_stop_19.jpg,1
images/hand_stop_20.jpg,1
images/hand_stop_21.jpg,1
images/hand_stop_22.jpg,1
images/hand_stop_23.jpg,1
images/hand_stop_24.jpg,1
images/hand_stop_25.jpg,1
images/hand_stop_26.jpg,1
images/hand_stop_27.jpg,1
images/hand_stop_28.jpg,1
images/hand_stop_29.jpg,1
images/hand_stop_30.jpg,1
images/hand_stop_31.jpg,1
images/hand_stop_32.jpg,1
images/hand_stop_33.jpg,1
images/hand_stop_34.jpg,1
images/hand_stop_35.jpg,1
images/hand_stop_36.jpg,1
images/hand_stop_37.jpg,1
images/hand_stop_38.jpg,1
images/hand_stop_39.jpg,1
images/hand_stop_40.jpg,1
images/hand_stop_41.jpg,1
images/hand_stop_42.jpg,1
images/hand_stop_43.jpg,1
images/hand_stop_44.jpg,1
images/hand_stop_45.jpg,1
images/hand_stop_46.jpg,1
images/hand_stop_47.jpg,1
images/hand_stop_48.jpg,1
images/hand_stop_49.jpg,1
images/hand_stop_50.jpg,1
images/hand_stop_51.jpg,1
images/hand_stop_52.jpg,1
images/hand_stop_53.jpg,1
images/hand_stop_54.jpg,1
images/hand_stop_55.jpg,1
images/hand_stop_56.jpg,1
images/hand_stop_57.jpg,1
images/hand_stop_58.jpg,1
images/hand_stop_59.jpg,1
images/hand_stop_60.jpg,1
images/hand_stop_61.jpg,1
images/hand_stop_62.jpg,1
images/hand_stop_63.jpg,1
images/hand_stop_64.jpg,1
images/hand_stop_65.jpg,1
images/hand_stop_66.jpg,1
images/hand_stop_67.jpg,1
images/hand_stop_68.jpg,1
images/hand_stop_69.jpg,1
images/hand_stop_70.jpg,1
images/hand_stop_71.jpg,1
images/hand_stop_72.jpg,1
images/hand_stop_73.jpg,1
images/hand_stop_74.jpg,1
images/hand_stop_75.jpg,1
images/hand_stop_76.jpg,1
images/hand_stop_77.jpg,1
images/hand_stop_78.jpg,1
images/hand_stop_79.jpg,1
images/hand_stop_80.jpg,1
images/hand_stop_81.jpg,1
images/hand_stop_82.jpg,1
images/hand_stop_83.jpg,1
images/hand_stop_84.jpg,1
images/hand_stop_85.jpg,1
images/hand_stop_86.jpg,1
images/hand_stop_87.jpg,1
images/hand_stop_88.jpg,1
images/hand_stop_89.jpg,1
images/hand_stop_90.jpg,1
images/hand_stop_91.jpg,1
images/hand_stop_92.jpg,1
images/hand_stop_93.jpg,1
images/hand_stop_94.jpg,1
images/hand_stop_95.jpg,1
images/hand_stop_96.jpg,1
images/hand_stop_97.jpg,1
images/hand_stop_98.jpg,1
images/hand_stop_99.jpg,1
images/hand_stop_100.jpg,1
images/hand_stop_101.jpg,1
images/hand_stop_102.jpg,1
images/hand_stop_103.jpg,1
images/hand_stop_104.jpg,1
images/hand_stop_105.jpg,1
images/hand_stop_106.jpg,1
images/hand_stop_107.jpg,1
images/hand_stop_108.jpg,1
images/hand_stop_109.jpg,1
images/hand_stop_110.jpg,1
images/hand_stop_111.jpg,1
images/hand_stop_112.jpg,1
images/hand_stop_113.jpg,1
images/hand_stop_114.jpg,1
images/hand_stop_115.jpg,1
images/hand_stop_116.jpg,1
images/hand_stop_117.jpg,1
images/hand_stop_118.jpg,1
images/hand_stop_119.jpg,1
images/hand_stop_120.jpg,1
images/hand_stop_121.jpg,1
images/hand_stop_122.jpg,1
images/hand_stop_123.jpg,1
images/hand_stop_124.jpg,1
images/hand_stop_125.jpg,1
images/hand_stop_126.jpg,1
images/hand_stop_127.jpg,1
images/hand_stop_128.jpg,1
images/hand_stop_129.jpg,1
images/hand_stop_130.jpg,1
images/hand_stop_131.jpg,1
images/hand_stop_132.jpg,1
images/hand_stop_133.jpg,1
images/hand_stop_134.jpg,1
images/hand_stop_135.jpg,1
images/hand_stop_136.jpg,1
images/hand_stop_137.jpg,1
images/hand_stop_138.jpg,1
images/hand_stop_139.jpg,1
images/hand_stop_140.jpg,1
images/hand_stop_141.jpg,1
images/hand_stop_142.jpg,1
images/hand_stop_143.jpg,1
images/hand_stop_144.jpg,1
images/hand_stop_145.jpg,1
images/hand_stop_146.jpg,1
images/hand_stop_147.jpg,1
images/hand_stop_148.jpg,1
images/hand_stop_149.jpg,1
images/hand_stop_150.jpg,1
images/hand_stop_151.jpg,1
images/hand_stop_152.jpg,1
images/hand_stop_153.jpg,1
images/hand_stop_154.jpg,1
images/hand_stop_155.jpg,1
images/hand_stop_156.jpg,1
images/hand_stop_157.jpg,1
images/hand_stop_158.jpg,1
images/hand_stop_159.jpg,1
images/hand_stop_160.jpg,1
images/hand_stop_161.jpg,1
images/hand_stop_162.jpg,1
images/hand_stop_163.jpg,1
images/hand_stop_164.jpg,1
images/hand_stop_165.jpg,1
images/hand_stop_166.jpg,1
images/hand_stop_167.jpg,1
images/hand_stop_168.jpg,1
images/hand_stop_169.jpg,1
images/hand_stop_170.jpg,1
images/hand_stop_171.jpg,1
images/hand_stop_172.jpg,1
images/hand_stop_173.jpg,1
images/hand_stop_174.jpg,1
images/hand_stop_175.jpg,1
images/hand_stop_176.jpg,1
images/hand_stop_177.jpg,1
images/hand_stop_178.jpg,1
images/hand_stop_179.jpg,1
images/hand_stop_180.jpg,1
images/hand_stop_181.jpg,1
images/hand_stop_182.jpg,1
images/hand_stop_183.jpg,1
images/hand_stop_184.jpg,1
images/hand_stop_185.jpg,1
images/hand_stop_186.jpg,1
images/hand_stop_187.jpg,1
images/hand_stop_188.jpg,1
images/hand_stop_189.jpg,1
images/hand_stop_190.jpg,1
images/hand_stop_191.jpg,1
images/hand_stop_192.jpg,1
images/hand_stop_193.jpg,1
images/hand_stop_194.jpg,1
images/hand_stop_195.jpg,1
images/hand_stop_196.jpg,1
images/hand_stop_197.jpg,1
images/hand_stop_198.jpg,1
images/hand_stop_199.jpg,1
images/hand_stop_200.jpg,1
images/hand_stop_201.jpg,1
images/hand_stop_202.jpg,1
images/hand_stop_203.jpg,1
images/hand_stop_204.jpg,1
images/hand_stop_205.jpg,1
images/hand_stop_206.jpg,1
images/hand_stop_207.jpg,1
images/hand_stop_208.jpg,1
images/hand_stop_209.jpg,1
images/hand_stop_210.jpg,1
images/hand_stop_211.jpg,1
images/hand_stop_212.jpg,1
images/hand_stop_213.jpg,1
images/hand_stop_214.jpg,1
images/hand_stop_215.jpg,1
images/hand_stop_216.jpg,1
images/hand_stop_217.jpg,1
images/hand_stop_218.jpg,1
images/hand_stop_219.jpg,1
images/hand_stop_220.jpg,1
images/hand_stop_221.jpg,1
images/hand_stop_222.jpg,1
images/hand_stop_223.jpg,1
images/hand_stop_224.jpg,1
images/hand_stop_225.jpg,1
images/hand_stop_226.jpg,1
images/hand_stop_227.jpg,1
images/hand_stop_228.jpg,1
images/hand_stop_229.jpg,1
images/hand_stop_230.jpg,1
images/hand_stop_231.jpg,1
images/hand_stop_232.jpg,1
images/hand_stop_233.jpg,1
images/hand_stop_234.jpg,1
images/hand_stop_235.jpg,1
images/hand_stop_236.jpg,1
images/hand_stop_237.jpg,1
images/hand_stop_238.jpg,1
images/hand_stop_239.jpg,1
images/hand_stop_240.jpg,1
images/hand_stop_241.jpg,1
images/hand_stop_242.jpg,1
images/hand_stop_243.jpg,1
images/hand_stop_244.jpg,1
images/hand_stop_245.jpg,1
images/hand_stop_246.jpg,1
images/hand_stop_247.jpg,1
images/hand_stop_248.jpg,1
images/hand_stop_249.jpg,1
images/hand_stop_250.jpg,1
images/hand_stop_251.jpg,1
images/hand_stop_252.jpg,1
images/hand_stop_253.jpg,1
images/hand_stop_254.jpg,1
images/hand_stop_255.jpg,1
images/hand_stop_256.jpg,1
images/hand_stop_257.jpg,1
images/hand_stop_258.jpg,1
images/hand_stop_259.jpg,1
images/hand_stop_260.jpg,1
images/hand_stop_261.jpg,1
images/hand_stop_262.jpg,1
images/hand_stop_263.jpg,1
images/hand_stop_264.jpg,1
images/hand_stop_265.jpg,1
images/hand_stop_266.jpg,1
images/hand_stop_267.jpg,1
images/hand_stop_268.jpg,1
images/hand_stop_269.jpg,1
images/hand_stop_270.jpg,1
images/hand_stop_271.jpg,1
images/hand_stop_272.jpg,1
images/hand_stop_273.jpg,1
images/hand_stop_274.jpg,1
images/hand_stop_275.jpg,1
images/hand_stop_276.jpg,1
images/hand_stop_277.jpg,1
images/hand_stop_278.jpg,1
images/hand_stop_279.jpg,1
images/hand_stop_280.jpg,1
images/hand_stop_281.jpg,1
images/hand_stop_282.jpg,1
images/hand_stop_283.jpg,1
images/hand_stop_284.jpg,1
images/hand_stop_285.jpg,1
images/hand_stop_286.jpg,1
images/hand_stop_287.jpg,1
images/hand_stop_288.jpg,1
images/hand_stop_289.jpg,1
images/hand_stop_290.jpg,1
images/hand_stop_291.jpg,1
images/hand_stop_292.jpg,1
images/hand_stop_293.jpg,1
images/hand_stop_294.jpg,1
images/hand_stop_295.jpg,1
images/hand_stop_296.jpg,1
images/hand_stop_297.jpg,1
images/hand_stop_298.jpg,1
images/hand_stop_299.jpg,1
images/hand_stop_300.jpg,1
images/hand_stop_301.jpg,1
images/hand_stop_302.jpg,1
images/hand_stop_303.jpg,1
images/hand_stop_304.jpg,1
images/hand_stop_305.jpg,1
images/hand_stop_306.jpg,1
images/hand_stop_307.jpg,1
images/hand_stop_308.jpg,1
images/hand_stop_309.jpg,1
images/hand_stop_310.jpg,1
images/hand_stop_311.jpg,1
images/hand_stop_312.jpg,1
images/hand_stop_313.jpg,1
images/hand_stop_314.jpg,1
images/hand_stop_315.jpg,1
images/hand_stop_316.jpg,1
images/hand_stop_317.jpg,1
images/hand_stop_318.jpg,1
images/hand_stop_319.jpg,1
images/hand_stop_320.jpg,1
images/hand_stop_321.jpg,1
images/hand_stop_322.jpg,1
images/hand_stop_323.jpg,1
images/hand_stop_324.jpg,1
images/hand_stop_325.jpg,1
images/hand_stop_326.jpg,1
images/hand_stop_327.jpg,1
images/hand_stop_328.jpg,1
images/hand_stop_329.jpg,1
images/hand_stop_330.jpg,1
images/hand_stop_331.jpg,1
images/hand_stop_332.jpg,1
images/hand_stop_333.jpg,1
images/hand_stop_334.jpg,1
images/hand_stop_335.jpg,1
images/hand_stop_336.jpg,1
images/hand_stop_337.jpg,1
images/hand_stop_338.jpg,1
images/hand_stop_339.jpg,1
images/hand_stop_340.jpg,1
images/hand_stop_341.jpg,1
images/hand_stop_342.jpg,1
images/hand_stop_343.jpg,1
images/hand_stop_344.jpg,1
images/hand_stop_345.jpg,1
images/hand_stop_346.jpg,1
images/hand_stop_347.jpg,1
images/hand_stop_348.jpg,1
images/hand_stop_349.jpg,1
images/hand_stop_350.jpg,1
images/hand_stop_351.jpg,1
images/hand_stop_352.jpg,1
images/hand_stop_353.jpg,1
images/hand_stop_354.jpg,1
images/hand_stop_355.jpg,1
images/hand_stop_356.jpg,1
images/hand_stop_357.jpg,1
images/hand_stop_358.jpg,1
images/hand_stop_359.jpg,1
images/hand_stop_360.jpg,1
images/hand_stop_361.jpg,1
images/hand_stop_362.jpg,1
images/hand_stop_363.jpg,1
images/hand_stop_364.jpg,1
images/hand_stop_365.jpg,1
images/hand_stop_366.jpg,1
images/hand_stop_367.jpg,1
images/hand_stop_368.jpg,1
images/hand_stop_369.jpg,1
images/hand_stop_370.jpg,1
images/hand_stop_371.jpg,1
images/hand_stop_372.jpg,1
images/hand_stop_373.jpg,1
images/hand_stop_374.jpg,1
images/hand_stop_375.jpg,1
images/hand_stop_376.jpg,1
images/hand_stop_377.jpg,1
images/hand_stop_378.jpg,1
images/hand_stop_379.jpg,1
images/hand_stop_380.jpg,1
images/hand_stop_381.jpg,1
images/hand_stop_382.jpg,1
images/hand_stop_383.jpg,1
images/hand_stop_384.jpg,1
images/hand_stop_385.jpg,1
images/hand_stop_386.jpg,1
images/hand_stop_387.jpg,1
images/hand_stop_388.jpg,1
images/hand_stop_389.jpg,1
images/hand_stop_390.jpg,1
images/hand_stop_391.jpg,1
images/hand_stop_392.jpg,1
images/hand_stop_393.jpg,1
images/hand_stop_394.jpg,1
images/hand_stop_395.jpg,1
images/hand_stop_396.jpg,1
images/hand_stop_397.jpg,1
images/hand_stop_398.jpg,1
images/hand_stop_399.jpg,1
images/hand_stop_400.jpg,1
images/hand_stop_401.jpg,1
images/hand_stop_402.jpg,1
images/hand_stop_403.jpg,1
images/hand_stop_404.jpg,1
images/hand_stop_405.jpg,1
images/hand_stop_406.jpg,1
images/hand_stop_407.jpg,1
images/hand_stop_408.jpg,1
images/hand_stop_409.jpg,1
images/hand_stop_410.jpg,1
images/hand_stop_411.jpg,1
images/hand_stop_412.jpg,1
images/hand_stop_413.jpg,1
images/hand_stop_414.jpg,1
images/hand_stop_415.jpg,1
images/hand_stop_416.jpg,1
images/hand_stop_417.jpg,1
images/hand_stop_418.jpg,1
images/hand_stop_419.jpg,1
images/hand_stop_420.jpg,1
images/hand_stop_421.jpg,1
images/hand_stop_422.jpg,1
images/hand_stop_423.jpg,1
images/hand_stop_424.jpg,1
images/hand_stop_425.jpg,1
images/hand_stop_426.jpg,1
images/hand_turn_1.jpg,2
images/hand_turn_2.jpg,2
images/hand_turn_3.jpg,2
images/hand_turn_4.jpg,2
images/hand_turn_5.jpg,2
images/hand_turn_6.jpg,2
images/hand_turn_7.jpg,2
images/hand_turn_8.jpg,2
images/hand_turn_9.jpg,2
images/hand_turn_10.jpg,2
images/hand_turn_11.jpg,2
images/hand_turn_12.jpg,2
images/hand_turn_13.jpg,2
images/hand_turn_14.jpg,2
images/hand_turn_15.jpg,2
images/hand_turn_16.jpg,2
images/hand_turn_17.jpg,2
images/hand_turn_18.jpg,2
images/hand_turn_19.jpg,2
images/hand_turn_20.jpg,2
images/hand_turn_21.jpg,2
images/hand_turn_22.jpg,2
images/hand_turn_23.jpg,2
images/hand_turn_24.jpg,2
images/hand_turn_25.jpg,2
images/hand_turn_26.jpg,2
images/hand_turn_27.jpg,2
images/hand_turn_28.jpg,2
images/hand_turn_29.jpg,2
images/hand_turn_30.jpg,2
images/hand_turn_31.jpg,2
images/hand_turn_32.jpg,2
images/hand_turn_33.jpg,2
images/hand_turn_34.jpg,2
images/hand_turn_35.jpg,2
images/hand_turn_36.jpg,2
images/hand_turn_37.jpg,2
images/hand_turn_38.jpg,2
images/hand_turn_39.jpg,2
images/hand_turn_40.jpg,2
images/hand_turn_41.jpg,2
images/hand_turn_42.jpg,2
images/hand_turn_43.jpg,2
images/hand_turn_44.jpg,2
images/hand_turn_45.jpg,2
images/hand_turn_46.jpg,2
images/hand_turn_47.jpg,2
images/hand_turn_48.jpg,2
images/hand_turn_49.jpg,2
images/hand_turn_50.jpg,2
images/hand_turn_51.jpg,2
images/hand_turn_52.jpg,2
images/hand_turn_53.jpg,2
images/hand_turn_54.jpg,2
images/hand_turn_55.jpg,2
images/hand_turn_56.jpg,2
images/hand_turn_57.jpg,2
images/hand_turn_58.jpg,2
images/hand_turn_59.jpg,2
images/hand_turn_60.jpg,2
images/hand_turn_61.jpg,2
images/hand_turn_62.jpg,2
images/hand_turn_63.jpg,2
images/hand_turn_64.jpg,2
images/hand_turn_65.jpg,2
images/hand_turn_66.jpg,2
images/hand_turn_67.jpg,2
images/hand_turn_68.jpg,2
images/hand_turn_69.jpg,2
images/hand_turn_70.jpg,2
images/hand_turn_71.jpg,2
images/hand_turn_72.jpg,2
images/hand_turn_73.jpg,2
images/hand_turn_74.jpg,2
images/hand_turn_75.jpg,2
images/hand_turn_76.jpg,2
images/hand_turn_77.jpg,2
images/hand_turn_78.jpg,2
images/hand_turn_79.jpg,2
images/hand_turn_80.jpg,2
images/hand_turn_81.jpg,2
images/hand_turn_82.jpg,2
images/hand_turn_83.jpg,2
images/hand_turn_84.jpg,2
images/hand_turn_85.jpg,2
images/hand_turn_86.jpg,2
images/hand_turn_87.jpg,2
images/hand_turn_88.jpg,2
images/hand_turn_89.jpg,2
images/hand_turn_90.jpg,2
images/hand_turn_91.jpg,2
images/hand_turn_92.jpg,2
images/hand_turn_93.jpg,2
images/hand_turn_94.jpg,2
images/hand_turn_95.jpg,2
images/hand_turn_96.jpg,2
images/hand_turn_97.jpg,2
images/hand_turn_98.jpg,2
images/hand_turn_99.jpg,2
images/hand_turn_100.jpg,2
images/hand_turn_101.jpg,2
images/hand_turn_102.jpg,2
images/hand_turn_103.jpg,2
images/hand_turn_104.jpg,2
images/hand_turn_105.jpg,2
images/hand_turn_106.jpg,2
images/hand_turn_107.jpg,2
images/hand_turn_108.jpg,2
images/hand_turn_109.jpg,2
images/hand_turn_110.jpg,2
images/hand_turn_111.jpg,2
images/hand_turn_112.jpg,2
images/hand_turn_113.jpg,2
images/hand_turn_114.jpg,2
images/hand_turn_115.jpg,2
images/hand_turn_116.jpg,2
images/hand_turn_117.jpg,2
images/hand_turn_118.jpg,2
images/hand_turn_119.jpg,2
images/hand_turn_120.jpg,2
images/hand_turn_121.jpg,2
images/hand_turn_122.jpg,2
images/hand_turn_123.jpg,2
images/hand_turn_124.jpg,2
images/hand_turn_125.jpg,2
images/hand_turn_126.jpg,2
images/hand_turn_127.jpg,2
images/hand_turn_128.jpg,2
images/hand_turn_129.jpg,2
images/hand_turn_130.jpg,2
images/hand_turn_131.jpg,2
images/hand_turn_132.jpg,2
images/hand_turn_133.jpg,2
images/hand_turn_134.jpg,2
images/hand_turn_135.jpg,2
images/hand_turn_136.jpg,2
images/hand_turn_137.jpg,2
images/hand_turn_138.jpg,2
images/hand_turn_139.jpg,2
images/hand_turn_140.jpg,2
images/hand_turn_141.jpg,2
images/hand_turn_142.jpg,2
images/hand_turn_143.jpg,2
images/hand_turn_144.jpg,2
images/hand_turn_145.jpg,2
images/hand_turn_146.jpg,2
images/hand_turn_147.jpg,2
images/hand_turn_148.jpg,2
images/hand_turn_149.jpg,2
images/hand_turn_150.jpg,2
images/hand_turn_151.jpg,2
images/hand_turn_152.jpg,2
images/hand_turn_153.jpg,2
images/hand_turn_154.jpg,2
images/hand_turn_155.jpg,2
images/hand_turn_156.jpg,2
images/hand_turn_157.jpg,2
images/hand_turn_158.jpg,2
images/hand_turn_159.jpg,2
images/hand_turn_160.jpg,2
images/hand_turn_161.jpg,2
images/hand_turn_162.jpg,2
images/hand_turn_163.jpg,2
images/hand_turn_164.jpg,2
images/hand_turn_165.jpg,2
images/hand_turn_166.jpg,2
images/hand_turn_167.jpg,2
images/hand_turn_168.jpg,2
images/hand_turn_169.jpg,2
images/hand_turn_170.jpg,2
images/hand_turn_171.jpg,2
images/hand_turn_172.jpg,2
images/hand_turn_173.jpg,2
images/hand_turn_174.jpg,2
images/hand_turn_175.jpg,2
images/hand_turn_176.jpg,2
images/hand_turn_177.jpg,2
images/hand_turn_178.jpg,2
images/hand_turn_179.jpg,2
images/hand_turn_180.jpg,2
images/hand_turn_181.jpg,2
images/hand_turn_182.jpg,2
images/hand_turn_183.jpg,2
images/hand_turn_184.jpg,2
images/hand_turn_185.jpg,2
images/hand_turn_186.jpg,2
images/hand_turn_187.jpg,2
images/hand_turn_188.jpg,2
images/hand_turn_189.jpg,2
images/hand_turn_190.jpg,2
images/hand_turn_191.jpg,2
images/hand_turn_192.jpg,2
images/hand_turn_193.jpg,2
images/hand_turn_194.jpg,2
images/hand_turn_195.jpg,2
images/hand_turn_196.jpg,2
images/hand_turn_197.jpg,2
images/hand_turn_198.jpg,2
images/hand_turn_199.jpg,2
images/hand_turn_200.jpg,2
images/hand_turn_201.jpg,2
images/hand_turn_202.jpg,2
images/hand_turn_203.jpg,2
images/hand_turn_204.jpg,2
images/hand_turn_205.jpg,2
images/hand_turn_206.jpg,2
images/hand_turn_207.jpg,2
images/hand_turn_208.jpg,2
images/hand_turn_209.jpg,2
images/hand_turn_210.jpg,2
images/hand_turn_211.jpg,2
images/hand_turn_212.jpg,2
images/hand_turn_213.jpg,2
images/hand_turn_214.jpg,2
images/hand_turn_215.jpg,2
images/hand_turn_216.jpg,2
images/hand_turn_217.jpg,2
images/hand_turn_218.jpg,2
images/hand_turn_219.jpg,2
images/hand_turn_220.jpg,2
images/hand_turn_221.jpg,2
images/hand_turn_222.jpg,2
images/hand_turn_223.jpg,2
images/hand_turn_224.jpg,2
images/hand_turn_225.jpg,2
images/hand_turn_226.jpg,2
images/hand_turn_227.jpg,2
images/hand_turn_228.jpg,2
images/hand_turn_229.jpg,2
images/hand_turn_230.jpg,2
images/hand_turn_231.jpg,2
images/hand_turn_232.jpg,2
images/hand_turn_233.jpg,2
images/hand_turn_234.jpg,2
images/hand_turn_235.jpg,2
images/hand_turn_236.jpg,2
images/hand_turn_237.jpg,2
images/hand_turn_238.jpg,2
images/hand_turn_239.jpg,2
images/hand_turn_240.jpg,2
images/hand_turn_241.jpg,2
images/hand_turn_242.jpg,2
images/hand_turn_243.jpg,2
images/hand_turn_244.jpg,2
images/hand_turn_245.jpg,2
images/hand_turn_246.jpg,2
images/hand_turn_247.jpg,2
images/hand_turn_248.jpg,2
images/hand_turn_249.jpg,2
images/hand_turn_250.jpg,2
images/hand_turn_251.jpg,2
images/hand_turn_252.jpg,2
images/hand_turn_253.jpg,2
images/hand_turn_254.jpg,2
images/hand_turn_255.jpg,2
images/hand_turn_256.jpg,2
images/hand_turn_257.jpg,2
images/hand_turn_258.jpg,2
images/hand_turn_259.jpg,2
images/hand_turn_260.jpg,2
images/hand_turn_261.jpg,2
images/hand_turn_262.jpg,2
images/hand_turn_263.jpg,2
images/hand_turn_264.jpg,2
images/hand_turn_265.jpg,2
images/hand_turn_266.jpg,2
images/hand_turn_267.jpg,2
images/hand_turn_268.jpg,2
images/hand_turn_269.jpg,2
images/hand_turn_270.jpg,2
images/hand_turn_271.jpg,2
images/hand_turn_272.jpg,2
images/hand_turn_273.jpg,2
images/hand_turn_274.jpg,2
images/hand_turn_275.jpg,2
images/hand_turn_276.jpg,2
images/hand_turn_277.jpg,2
images/hand_turn_278.jpg,2
images/hand_turn_279.jpg,2
images/hand_turn_280.jpg,2
images/hand_turn_281.jpg,2
images/hand_turn_282.jpg,2
images/hand_turn_283.jpg,2
images/hand_turn_284.jpg,2
images/hand_turn_285.jpg,2
images/hand_turn_286.jpg,2
images/hand_turn_287.jpg,2
images/hand_turn_288.jpg,2
images/hand_turn_289.jpg,2
images/hand_turn_290.jpg,2
images/hand_turn_291.jpg,2
images/hand_turn_292.jpg,2
images/hand_turn_293.jpg,2
images/hand_turn_294.jpg,2
images/hand_turn_295.jpg,2
images/hand_turn_296.jpg,2
images/hand_turn_297.jpg,2
images/hand_turn_298.jpg,2
images/hand_turn_299.jpg,2
images/hand_turn_300.jpg,2
images/hand_turn_301.jpg,2
images/hand_turn_302.jpg,2
images/hand_turn_303.jpg,2
images/hand_turn_304.jpg,2
images/hand_turn_305.jpg,2
images/hand_turn_306.jpg,2
images/hand_turn_307.jpg,2
images/hand_turn_308.jpg,2
images/hand_turn_309.jpg,2
images/hand_turn_310.jpg,2
images/hand_turn_311.jpg,2
images/hand_turn_312.jpg,2
images/hand_turn_313.jpg,2
images/hand_turn_314.jpg,2
images/hand_turn_315.jpg,2
images/hand_turn_316.jpg,2
images/hand_turn_317.jpg,2
images/hand_turn_318.jpg,2
images/hand_turn_319.jpg,2
images/hand_turn_320.jpg,2
images/hand_turn_321.jpg,2
images/hand_turn_322.jpg,2
images/hand_turn_323.jpg,2
images/hand_turn_324.jpg,2
images/hand_turn_325.jpg,2
images/hand_turn_326.jpg,2
images/hand_turn_327.jpg,2
images/hand_turn_328.jpg,2
images/hand_turn_329.jpg,2
images/hand_turn_330.jpg,2
images/hand_turn_331.jpg,2
images/hand_turn_332.jpg,2
images/hand_turn_333.jpg,2
images/hand_turn_334.jpg,2
images/hand_turn_335.jpg,2
images/hand_turn_336.jpg,2
images/hand_turn_337.jpg,2
images/hand_turn_338.jpg,2
images/hand_turn_339.jpg,2
images/hand_turn_340.jpg,2
images/hand_turn_341.jpg,2
images/hand_turn_342.jpg,2
images/hand_turn_343.jpg,2
images/hand_turn_344.jpg,2
images/hand_turn_345.jpg,2
images/hand_turn_346.jpg,2
images/hand_turn_347.jpg,2
images/hand_turn_348.jpg,2
images/hand_turn_349.jpg,2
